cars,motorcycles,buses,trucks,total_vehicles,average_movement,road_occupancy,congestion_level
12,15,3,2,32,48.93,41.7,MEDIUM
43,20,3,3,69,18.45,66.4,HIGH
25,17,6,7,55,2.44,67.15,HIGH
16,17,3,3,39,42.7,44.9,MEDIUM
16,10,3,2,31,62.88,58.0,MEDIUM
26,21,6,4,57,5.24,72.7,HIGH
20,18,3,2,43,53.86,41.91,MEDIUM
21,9,4,3,37,26.4,33.06,MEDIUM
28,15,5,11,59,14.71,63.83,HIGH
9,7,1,2,19,97.07,23.46,LOW
36,15,5,4,60,32.0,86.24,HIGH
7,1,0,0,8,159.12,15.21,LOW
18,9,2,1,30,45.2,44.15,MEDIUM
26,13,5,3,47,5.55,58.0,HIGH
29,17,3,7,56,17.06,76.69,HIGH
25,20,5,7,57,2.75,76.8,HIGH
9,4,0,1,14,80.52,22.13,LOW
39,17,4,5,65,22.01,78.98,HIGH
40,9,7,6,62,11.83,71.31,HIGH
0,3,0,0,3,105.8,12.17,LOW
13,5,4,2,24,36.16,51.1,MEDIUM
7,7,1,0,15,146.91,23.28,LOW
27,7,1,4,39,41.78,48.33,MEDIUM
17,7,1,1,26,45.32,43.26,MEDIUM
10,5,1,0,16,114.23,6.52,LOW
13,6,1,3,23,93.91,20.57,LOW
4,1,0,2,7,126.36,14.67,LOW
40,8,6,3,57,24.77,75.45,HIGH
29,20,3,7,59,13.32,58.0,HIGH
27,16,3,3,49,24.79,69.52,HIGH
23,14,2,2,41,50.01,46.81,MEDIUM
7,5,2,0,14,134.61,13.72,LOW
22,14,1,1,38,60.3,35.37,MEDIUM
15,10,3,1,29,54.01,40.76,MEDIUM
18,7,3,2,30,42.21,52.57,MEDIUM
10,2,1,0,13,94.97,16.92,LOW
41,17,5,3,66,9.83,90.19,HIGH
17,4,3,2,26,56.0,37.73,MEDIUM
24,21,4,8,57,12.31,69.29,HIGH
7,1,0,0,8,118.07,10.04,LOW
7,8,1,0,16,126.4,16.17,LOW
8,7,0,2,17,118.46,12.51,LOW
6,7,2,2,17,95.95,13.74,LOW
40,13,10,4,67,9.55,68.91,HIGH
8,2,0,0,10,136.9,15.13,LOW
0,3,2,0,5,85.02,11.97,LOW
32,8,9,6,55,12.56,85.95,HIGH
16,14,1,2,33,50.41,42.89,MEDIUM
28,14,3,3,48,37.61,45.18,MEDIUM
33,8,9,3,53,8.78,70.04,HIGH
16,9,3,3,31,28.69,50.51,MEDIUM
32,19,2,3,56,10.57,74.71,HIGH
8,6,0,0,14,129.86,7.47,LOW
17,9,2,2,30,50.63,33.52,MEDIUM
11,1,1,2,15,69.81,16.11,LOW
10,2,0,1,13,104.41,19.28,LOW
15,6,2,3,26,43.71,52.82,MEDIUM
6,4,0,0,10,130.31,23.14,LOW
4,4,0,1,9,148.27,22.31,LOW
46,17,6,8,77,19.13,69.49,HIGH
5,4,0,0,9,74.84,14.5,LOW
3,1,2,1,7,125.6,18.77,LOW
23,14,3,3,43,39.43,36.3,MEDIUM
12,1,2,1,16,92.37,14.67,LOW
29,6,2,3,40,31.49,36.94,MEDIUM
35,12,6,5,58,19.69,69.7,HIGH
21,10,3,3,37,56.07,53.58,MEDIUM
42,14,3,7,66,13.68,69.41,HIGH
16,10,0,1,27,126.13,23.21,LOW
25,15,2,3,45,39.14,51.38,MEDIUM
6,0,0,0,6,65.0,14.67,LOW
25,5,2,2,34,43.65,33.55,MEDIUM
21,15,3,1,40,66.52,44.51,MEDIUM
28,16,5,8,57,12.54,69.52,HIGH
5,0,1,2,8,106.56,20.72,LOW
11,0,0,0,11,133.76,25.26,LOW
25,6,1,2,34,48.95,46.39,MEDIUM
16,6,0,1,23,93.46,20.11,LOW
30,16,3,2,51,49.41,40.72,MEDIUM
5,5,1,0,11,141.64,9.8,LOW
31,16,4,2,53,13.28,71.25,HIGH
1,9,0,2,12,70.14,11.4,LOW
10,5,1,0,16,118.46,13.23,LOW
8,5,0,1,14,83.31,14.15,LOW
3,5,2,3,13,125.95,18.01,LOW
16,8,4,1,29,65.32,44.7,MEDIUM
38,14,6,6,64,9.01,78.67,HIGH
29,17,4,6,56,26.56,79.45,HIGH
37,11,4,8,60,19.47,92.68,HIGH
10,6,1,1,18,105.07,14.09,LOW
20,6,2,3,31,55.02,53.21,MEDIUM
20,10,2,4,36,40.18,54.26,MEDIUM
12,15,3,3,33,61.42,33.83,MEDIUM
12,6,0,1,19,144.76,18.35,LOW
35,14,4,2,55,17.47,69.6,HIGH
16,10,3,4,33,58.45,48.31,MEDIUM
33,21,7,7,68,12.78,64.28,HIGH
9,2,1,0,12,108.35,7.73,LOW
16,2,0,0,18,65.0,11.85,LOW
33,21,4,7,65,13.77,64.73,HIGH
27,16,3,4,50,13.03,61.71,HIGH
15,12,2,3,32,43.47,40.7,MEDIUM
33,14,5,5,57,13.76,58.0,HIGH
10,3,0,0,13,109.31,25.63,LOW
15,11,2,3,31,34.83,28.0,MEDIUM
18,7,3,4,32,51.68,49.97,MEDIUM
25,11,2,2,40,36.89,48.68,MEDIUM
33,10,6,5,54,12.37,81.68,HIGH
12,3,2,1,18,161.88,10.86,LOW
36,9,4,7,56,8.64,58.0,HIGH
19,8,2,3,32,34.19,48.21,MEDIUM
41,8,6,5,60,16.58,67.45,HIGH
38,15,7,6,66,14.36,65.96,HIGH
24,10,6,7,47,13.26,64.84,HIGH
10,2,1,1,14,68.26,18.26,LOW
19,10,3,1,33,42.72,43.69,MEDIUM
12,1,1,0,14,94.41,26.48,LOW
30,14,3,6,53,18.52,65.8,HIGH
15,7,2,3,27,60.8,45.61,MEDIUM
7,2,3,0,12,113.08,18.31,LOW
36,21,3,7,67,4.58,65.86,HIGH
12,4,4,3,23,39.58,46.28,MEDIUM
34,17,9,2,62,24.12,82.76,HIGH
7,2,0,1,10,128.42,13.31,LOW
6,2,0,0,8,161.41,8.38,LOW
17,9,3,1,30,55.5,34.16,MEDIUM
19,8,4,2,33,50.54,42.41,MEDIUM
16,12,3,2,33,37.9,28.0,MEDIUM
36,19,9,7,71,24.12,69.45,HIGH
38,15,2,4,59,14.16,59.64,HIGH
26,14,2,4,46,54.03,40.18,MEDIUM
34,14,6,3,57,10.63,74.61,HIGH
3,0,1,1,5,65.0,8.94,LOW
41,16,6,2,65,19.13,68.25,HIGH
14,6,1,2,23,61.7,46.13,MEDIUM
7,2,1,0,10,134.38,14.12,LOW
9,0,0,1,10,114.27,13.9,LOW
9,12,0,1,22,112.05,14.41,LOW
9,6,0,1,16,117.33,10.71,LOW
6,7,2,1,16,150.72,6.72,LOW
6,1,2,0,9,99.0,15.78,LOW
14,3,1,1,19,74.54,4.44,LOW
30,20,8,5,63,20.77,63.62,HIGH
6,5,1,0,12,124.67,12.15,LOW
24,14,4,6,48,16.43,65.65,HIGH
24,19,5,6,54,11.02,70.54,HIGH
31,11,3,3,48,15.47,58.84,HIGH
5,6,2,1,14,80.1,17.67,LOW
45,21,4,7,77,16.02,85.07,HIGH
0,4,2,2,8,79.26,17.98,LOW
16,9,2,2,29,49.92,40.28,MEDIUM
7,5,0,1,13,78.71,23.66,LOW
32,8,3,4,47,11.4,67.72,HIGH
32,5,4,3,44,53.37,56.07,MEDIUM
30,23,7,7,67,14.77,74.75,HIGH
19,4,2,2,27,46.93,40.07,MEDIUM
12,2,2,0,16,117.22,16.56,LOW
29,13,4,6,52,32.0,67.56,HIGH
10,9,0,1,20,127.25,12.59,LOW
33,21,4,4,62,10.69,65.19,HIGH
18,15,3,3,39,34.76,44.3,MEDIUM
46,22,2,5,75,13.58,78.4,HIGH
18,14,4,3,39,55.15,45.04,MEDIUM
17,9,4,2,32,69.38,39.42,MEDIUM
30,15,6,4,55,3.07,70.14,HIGH
31,19,5,3,58,9.11,75.79,HIGH
9,9,0,1,19,106.0,19.03,LOW
34,14,4,6,58,22.24,74.04,HIGH
7,5,0,1,13,98.15,14.91,LOW
7,7,1,0,15,142.61,5.03,LOW
15,4,2,3,24,61.85,41.39,MEDIUM
19,6,2,2,29,53.51,40.5,MEDIUM
5,3,0,0,8,92.18,15.64,LOW
46,18,7,2,73,24.71,94.08,HIGH
19,12,3,4,38,41.37,47.96,MEDIUM
30,10,2,2,44,47.84,52.98,MEDIUM
6,8,2,2,18,97.78,8.28,LOW
7,6,1,0,14,147.32,13.37,LOW
39,11,5,5,60,25.24,66.13,HIGH
28,17,3,4,52,17.33,76.68,HIGH
26,8,3,2,39,28.15,44.16,MEDIUM
50,8,2,7,67,11.25,71.14,HIGH
26,5,3,4,38,28.66,44.56,MEDIUM
13,10,4,3,30,42.72,45.65,MEDIUM
26,14,6,2,48,17.41,74.91,HIGH
17,3,0,2,22,149.49,11.86,LOW
22,10,3,3,38,45.75,37.41,MEDIUM
12,11,5,1,29,52.28,36.7,MEDIUM
34,21,3,4,62,23.07,73.6,HIGH
40,24,3,8,75,2.0,63.25,HIGH
26,15,5,2,48,18.32,64.58,HIGH
24,9,7,6,46,18.73,58.0,HIGH
26,4,2,2,34,54.55,51.84,MEDIUM
1,6,0,1,8,115.6,23.18,LOW
8,4,1,0,13,127.7,20.74,LOW
16,7,2,2,27,49.19,36.27,MEDIUM
12,7,1,2,22,109.34,9.71,LOW
8,0,1,1,10,65.0,17.24,LOW
25,9,1,2,37,52.14,51.83,MEDIUM
5,3,0,0,8,72.12,23.2,LOW
9,7,1,2,19,103.38,28.0,LOW
25,5,4,4,38,58.83,56.25,MEDIUM
24,15,4,4,47,14.77,78.42,HIGH
14,14,2,4,34,46.59,54.72,MEDIUM
24,26,5,6,61,15.59,67.38,HIGH
15,7,2,1,25,75.0,52.65,MEDIUM
8,0,0,0,8,84.96,13.31,LOW
33,15,5,7,60,20.46,76.33,HIGH
12,9,1,4,26,60.94,42.85,MEDIUM
47,21,3,3,74,13.3,77.91,HIGH
4,6,0,2,12,139.49,12.18,LOW
9,12,0,0,21,94.42,11.67,LOW
28,18,4,7,57,15.55,60.94,HIGH
34,17,3,5,59,9.42,84.07,HIGH
23,16,3,3,45,50.72,45.11,MEDIUM
10,6,0,1,17,130.01,19.53,LOW
21,4,3,2,30,73.08,35.8,MEDIUM
14,11,3,2,30,135.6,18.56,LOW
29,13,6,5,53,6.55,89.91,HIGH
38,15,7,6,66,17.47,64.18,HIGH
10,5,1,1,17,94.69,17.17,LOW
34,20,4,5,63,19.79,81.89,HIGH
36,13,6,4,59,6.33,58.0,HIGH
9,2,1,1,13,130.32,18.78,LOW
53,8,6,4,71,11.9,68.42,HIGH
8,0,0,0,8,84.68,16.89,LOW
23,17,2,2,44,52.78,47.17,MEDIUM
21,6,2,4,33,35.73,55.14,MEDIUM
33,19,6,5,63,10.6,58.03,HIGH
12,7,2,3,24,37.4,48.06,MEDIUM
21,7,1,2,31,67.07,49.41,MEDIUM
44,16,6,8,74,18.37,68.67,HIGH
17,15,2,3,37,51.7,28.0,MEDIUM
17,4,2,2,25,25.0,58.0,MEDIUM
8,1,1,1,11,137.08,21.32,LOW
9,4,0,0,13,98.84,20.14,LOW
13,9,1,0,23,121.5,10.93,LOW
35,19,2,4,60,19.2,92.88,HIGH
5,1,2,2,10,92.8,28.0,LOW
19,7,2,2,30,40.49,39.54,MEDIUM
4,0,2,0,6,111.69,6.45,LOW
7,4,1,0,12,134.1,28.0,LOW
19,11,2,4,36,26.59,43.15,MEDIUM
33,9,5,2,49,2.0,80.65,HIGH
3,5,0,0,8,106.79,3.71,LOW
18,5,1,0,24,114.95,14.13,LOW
21,11,2,4,38,63.16,36.99,MEDIUM
5,5,0,0,10,125.35,19.55,LOW
5,3,0,0,8,111.21,10.01,LOW
9,5,1,0,15,122.83,13.44,LOW
8,2,2,1,13,84.07,13.86,LOW
30,21,2,3,56,16.96,74.23,HIGH
37,20,3,6,66,6.44,80.31,HIGH
33,8,7,5,53,12.58,88.3,HIGH
24,14,1,2,41,32.04,36.8,MEDIUM
12,5,1,0,18,116.73,12.94,LOW
21,11,2,2,36,62.58,55.24,MEDIUM
34,12,2,9,57,20.92,78.8,HIGH
44,17,4,11,76,8.61,70.82,HIGH
5,10,0,0,15,130.56,7.67,LOW
30,8,5,7,50,19.6,81.38,HIGH
22,7,2,2,33,49.62,35.21,MEDIUM
10,11,1,1,23,98.52,9.9,LOW
10,11,1,0,22,105.43,23.25,LOW
20,10,2,4,36,30.79,35.37,MEDIUM
27,16,5,3,51,14.77,77.59,HIGH
24,15,4,5,48,15.2,76.38,HIGH
12,7,4,2,25,44.43,45.7,MEDIUM
21,6,3,4,34,57.03,38.7,MEDIUM
23,8,2,4,37,70.87,49.83,MEDIUM
24,8,3,2,37,53.89,32.82,MEDIUM
0,10,1,0,11,96.38,17.39,LOW
26,14,6,6,52,10.04,74.06,HIGH
11,3,0,0,14,105.75,12.28,LOW
22,8,3,1,34,48.81,37.18,MEDIUM
12,7,0,0,19,118.28,20.85,LOW
1,4,0,0,5,114.5,23.35,LOW
25,13,1,3,42,26.26,42.38,MEDIUM
5,1,2,1,9,109.8,23.88,LOW
35,13,3,3,54,20.66,79.2,HIGH
15,16,2,1,34,47.62,58.0,MEDIUM
24,11,10,5,50,21.12,68.14,HIGH
7,5,0,2,14,122.27,19.41,LOW
7,4,1,2,14,86.82,16.43,LOW
7,2,0,2,11,137.28,18.65,LOW
28,19,2,2,51,11.59,80.59,HIGH
13,7,2,2,24,65.38,46.46,MEDIUM
21,15,4,1,41,57.46,52.63,MEDIUM
8,2,2,0,12,109.32,9.4,LOW
34,14,5,4,57,13.6,58.0,HIGH
36,22,5,5,68,9.34,70.92,HIGH
34,22,2,2,60,17.95,76.62,HIGH
22,4,4,2,32,48.88,52.61,MEDIUM
17,8,2,1,28,44.53,43.45,MEDIUM
18,10,2,5,35,30.71,43.48,MEDIUM
24,7,2,2,35,70.87,39.43,MEDIUM
39,24,7,6,76,12.42,58.0,HIGH
24,9,3,1,37,46.4,41.6,MEDIUM
7,4,0,0,11,98.48,21.34,LOW
5,10,0,0,15,121.0,11.99,LOW
22,7,3,1,33,57.24,44.39,MEDIUM
29,9,2,2,42,36.92,35.72,MEDIUM
23,10,3,6,42,25.0,55.8,MEDIUM
22,6,2,2,32,61.71,49.35,MEDIUM
29,16,6,2,53,19.36,64.5,HIGH
46,18,4,4,72,15.27,79.52,HIGH
12,10,3,2,27,57.91,49.5,MEDIUM
25,8,3,1,37,70.35,57.18,MEDIUM
37,17,2,5,61,22.29,74.34,HIGH
20,9,3,1,33,58.18,43.01,MEDIUM
24,10,3,4,41,52.69,49.23,MEDIUM
24,12,1,2,39,40.64,52.64,MEDIUM
27,12,2,1,42,46.08,40.29,MEDIUM
30,19,5,2,56,17.15,93.77,HIGH
23,12,1,2,38,49.53,40.92,MEDIUM
17,10,4,2,33,37.29,53.85,MEDIUM
6,2,0,2,10,75.7,5.32,LOW
20,5,3,2,30,47.26,34.05,MEDIUM
30,17,2,4,53,8.36,75.22,HIGH
3,4,2,1,10,167.98,17.36,LOW
14,4,1,1,20,180.0,21.72,LOW
10,8,1,1,20,136.67,22.02,LOW
14,7,0,0,21,65.0,10.69,LOW
23,7,4,2,36,40.62,35.92,MEDIUM
31,13,6,5,55,11.51,88.99,HIGH
18,10,2,2,32,57.32,43.26,MEDIUM
16,8,1,2,27,44.29,49.0,MEDIUM
17,11,2,3,33,58.23,56.79,MEDIUM
37,8,2,7,54,15.08,69.29,HIGH
8,5,1,0,14,112.4,12.23,LOW
37,8,2,7,54,15.96,84.61,HIGH
12,8,0,0,20,82.36,13.71,LOW
40,16,5,4,65,4.37,78.53,HIGH
12,11,1,1,25,25.09,41.31,MEDIUM
9,4,1,2,16,104.15,13.6,LOW
6,9,1,0,16,127.42,13.0,LOW
45,14,7,5,71,3.11,82.03,HIGH
12,13,1,4,30,46.04,40.31,MEDIUM
27,14,5,10,56,6.22,84.82,HIGH
31,7,1,1,40,58.55,28.0,MEDIUM
14,12,3,2,31,39.94,34.91,MEDIUM
12,12,3,2,29,63.49,39.33,MEDIUM
9,6,0,2,17,79.36,6.21,LOW
4,0,0,2,6,86.27,28.0,LOW
16,16,2,1,35,36.6,51.89,MEDIUM
20,18,3,2,43,61.06,45.86,MEDIUM
30,5,2,3,40,49.35,34.14,MEDIUM
31,10,5,3,49,22.48,73.18,HIGH
11,1,1,2,15,65.0,10.22,LOW
29,19,9,3,60,13.62,76.08,HIGH
12,5,0,0,17,108.21,14.78,LOW
3,6,0,1,10,139.68,28.0,LOW
26,10,2,5,43,19.02,80.66,HIGH
9,2,2,1,14,139.48,15.41,LOW
11,6,1,2,20,65.0,19.07,LOW
11,6,0,0,17,120.74,16.25,LOW
15,4,0,0,19,65.0,5.5,LOW
32,11,1,2,46,62.26,58.0,MEDIUM
0,12,2,1,15,108.63,16.71,LOW
5,3,1,1,10,126.46,27.06,LOW
13,10,2,1,26,47.4,39.53,MEDIUM
18,4,2,2,26,37.87,37.88,MEDIUM
7,3,2,1,13,135.8,6.09,LOW
21,14,5,4,44,52.99,50.36,MEDIUM
7,1,2,1,11,104.48,15.16,LOW
7,2,0,0,9,108.07,17.05,LOW
24,8,6,6,44,14.42,86.5,HIGH
11,4,0,3,18,75.26,5.13,LOW
23,13,2,2,40,31.79,39.14,MEDIUM
34,8,4,7,53,27.71,68.69,HIGH
14,5,0,0,19,101.99,17.54,LOW
24,22,3,7,56,5.06,63.38,HIGH
7,7,0,1,15,114.16,17.95,LOW
8,8,2,0,18,136.97,14.77,LOW
8,0,0,1,9,128.46,16.03,LOW
37,22,7,7,73,21.92,78.63,HIGH
22,14,2,3,41,25.0,37.32,MEDIUM
1,4,1,0,6,65.0,14.47,LOW
34,19,7,4,64,2.23,73.81,HIGH
30,20,6,8,64,10.03,78.28,HIGH
7,4,1,1,13,131.51,11.5,LOW
7,2,0,0,9,109.17,25.77,LOW
33,13,3,6,55,5.52,85.53,HIGH
11,2,0,2,15,101.93,13.5,LOW
8,6,0,1,15,111.61,3.15,LOW
26,20,8,9,63,24.57,72.22,HIGH
12,6,2,4,24,56.68,31.32,MEDIUM
9,1,0,2,12,109.01,19.09,LOW
25,19,5,2,51,19.45,81.5,HIGH
39,24,2,5,70,4.68,71.94,HIGH
7,5,1,1,14,113.76,17.19,LOW
6,3,2,1,12,78.48,20.51,LOW
34,17,8,5,64,17.95,69.42,HIGH
7,7,2,2,18,103.28,8.36,LOW
12,5,4,4,25,48.76,32.09,MEDIUM
4,4,1,0,9,89.44,16.46,LOW
22,5,2,2,31,52.7,39.04,MEDIUM
22,14,2,3,41,36.9,49.12,MEDIUM
24,13,5,7,49,15.3,73.48,HIGH
48,17,8,4,77,10.42,74.37,HIGH
9,7,0,0,16,123.05,16.78,LOW
21,5,2,1,29,49.03,35.34,MEDIUM
13,10,4,1,28,52.22,49.5,MEDIUM
14,13,3,4,34,45.08,47.7,MEDIUM
22,10,1,1,34,53.37,28.0,MEDIUM
31,19,4,5,59,22.9,67.59,HIGH
35,21,4,7,67,8.68,73.76,HIGH
21,8,3,2,34,55.72,46.04,MEDIUM
13,3,1,0,17,104.56,21.59,LOW
17,10,3,1,31,63.91,39.31,MEDIUM
25,12,2,3,42,41.52,48.84,MEDIUM
29,12,6,4,51,10.01,68.5,HIGH
29,11,2,5,47,15.42,76.19,HIGH
9,7,1,0,17,89.31,15.52,LOW
27,14,6,7,54,12.52,63.62,HIGH
41,14,6,5,66,15.58,78.44,HIGH
34,17,7,3,61,20.17,68.69,HIGH
34,18,3,5,60,20.98,96.0,HIGH
22,4,1,2,29,46.39,32.32,MEDIUM
18,12,3,3,36,55.63,29.72,MEDIUM
9,4,0,0,13,111.51,28.0,LOW
38,13,2,5,58,24.45,60.26,HIGH
18,11,2,2,33,43.16,44.64,MEDIUM
18,18,2,2,40,73.9,35.34,MEDIUM
26,8,1,3,38,42.38,32.48,MEDIUM
23,4,2,3,32,67.81,44.84,MEDIUM
4,0,1,2,7,75.04,18.38,LOW
8,5,1,0,14,110.61,17.99,LOW
25,11,2,2,40,62.43,30.62,MEDIUM
5,8,0,0,13,86.12,17.54,LOW
12,4,0,1,17,96.62,14.46,LOW
14,10,3,4,31,68.97,33.88,MEDIUM
20,12,1,4,37,58.58,47.75,MEDIUM
18,11,4,3,36,54.98,45.71,MEDIUM
11,6,0,0,17,100.21,9.47,LOW
7,9,0,1,17,112.18,13.21,LOW
10,5,1,0,16,111.97,3.01,LOW
18,9,1,3,31,60.59,38.38,MEDIUM
26,22,3,7,58,27.02,78.11,HIGH
22,13,4,4,43,60.47,39.48,MEDIUM
6,5,1,1,13,120.92,22.14,LOW
22,9,5,3,39,56.88,31.79,MEDIUM
35,17,2,8,62,11.82,58.93,HIGH
24,9,4,3,40,45.84,29.11,MEDIUM
18,6,3,3,30,39.0,52.84,MEDIUM
22,7,3,4,36,59.79,41.62,MEDIUM
15,5,1,1,22,35.39,43.28,MEDIUM
7,8,1,0,16,129.29,3.0,LOW
12,8,1,3,24,25.22,42.23,MEDIUM
34,12,5,7,58,4.69,76.7,HIGH
26,6,4,1,37,55.22,45.8,MEDIUM
36,20,4,4,64,21.26,79.89,HIGH
12,11,1,1,25,31.73,50.9,MEDIUM
1,7,1,1,10,85.83,14.71,LOW
1,8,0,3,12,95.89,16.11,LOW
15,12,3,1,31,57.86,48.49,MEDIUM
33,22,3,6,64,11.4,71.66,HIGH
34,13,4,7,58,12.38,73.21,HIGH
19,16,1,2,38,34.97,44.91,MEDIUM
16,4,3,3,26,47.23,53.63,MEDIUM
2,7,1,0,10,97.15,8.64,LOW
11,8,1,0,20,96.89,17.94,LOW
26,8,4,3,41,75.0,30.16,MEDIUM
39,15,5,2,61,29.22,72.52,HIGH
23,11,3,2,39,25.0,50.78,MEDIUM
14,3,0,0,17,111.39,21.57,LOW
3,7,0,0,10,127.77,17.67,LOW
18,7,1,2,28,75.0,51.96,MEDIUM
24,8,1,2,35,37.54,28.95,MEDIUM
20,12,1,2,35,52.9,32.79,MEDIUM
23,15,2,3,43,56.0,45.78,MEDIUM
12,5,1,0,18,97.81,12.4,LOW
48,21,8,6,83,24.17,67.48,HIGH
5,5,0,0,10,135.16,11.54,LOW
18,4,3,1,26,50.72,44.22,MEDIUM
43,18,3,4,68,16.72,58.0,HIGH
42,16,4,5,67,25.04,67.26,HIGH
35,18,4,5,62,14.5,82.73,HIGH
22,7,2,3,34,55.06,44.13,MEDIUM
19,4,3,2,28,25.0,51.56,MEDIUM
23,12,2,3,40,62.35,48.98,MEDIUM
12,3,0,0,15,65.0,12.89,LOW
7,8,1,0,16,119.03,24.23,LOW
18,4,2,3,27,38.43,34.34,MEDIUM
18,11,3,3,35,52.67,52.23,MEDIUM
9,7,0,0,16,65.0,8.85,LOW
16,8,0,0,24,141.67,10.75,LOW
7,3,2,1,13,90.68,17.44,LOW
8,3,1,1,13,132.38,18.81,LOW
23,11,1,2,37,48.53,42.75,MEDIUM
32,12,2,10,56,24.77,66.99,HIGH
29,5,3,1,38,41.65,34.65,MEDIUM
36,14,4,7,61,8.72,91.51,HIGH
11,2,1,2,16,120.34,26.26,LOW
12,10,3,3,28,37.83,42.69,MEDIUM
6,6,0,1,13,111.92,7.3,LOW
22,4,3,1,30,56.63,47.01,MEDIUM
18,8,3,3,32,56.85,49.75,MEDIUM
47,16,4,4,71,32.0,64.34,HIGH
24,11,7,5,47,16.56,80.83,HIGH
39,12,8,2,61,25.18,71.98,HIGH
12,0,0,0,12,77.63,21.96,LOW
19,7,3,3,32,63.41,53.59,MEDIUM
37,17,4,6,64,26.61,77.44,HIGH
30,19,2,7,58,20.7,77.46,HIGH
35,18,3,3,59,16.75,71.13,HIGH
34,17,4,8,63,14.6,76.09,HIGH
23,4,4,2,33,45.39,44.0,MEDIUM
39,23,3,6,71,18.37,65.07,HIGH
39,17,6,5,67,7.69,83.52,HIGH
14,3,0,1,18,85.04,16.81,LOW
23,9,2,1,35,37.15,57.29,MEDIUM
12,6,2,2,22,59.95,40.45,MEDIUM
8,7,0,0,15,100.2,6.22,LOW
10,3,1,0,14,138.15,14.69,LOW
37,14,7,7,65,22.11,65.3,HIGH
7,9,1,0,17,94.66,13.19,LOW
11,3,0,0,14,147.52,20.1,LOW
35,21,4,2,62,14.94,83.54,HIGH
3,6,0,2,11,90.42,13.07,LOW
20,16,1,1,38,51.98,42.41,MEDIUM
24,14,8,6,52,9.96,73.72,HIGH
31,15,3,3,52,18.17,62.54,HIGH
16,8,2,3,29,40.13,50.97,MEDIUM
13,9,2,2,26,64.85,38.34,MEDIUM
22,11,4,2,39,35.82,45.6,MEDIUM
40,11,4,5,60,3.43,71.03,HIGH
4,11,0,1,16,125.84,17.48,LOW
19,8,1,1,29,55.57,37.6,MEDIUM
9,3,1,3,16,131.78,13.04,LOW
23,9,2,2,36,55.14,42.62,MEDIUM
8,6,1,0,15,71.65,22.67,LOW
12,10,3,2,27,44.51,40.73,MEDIUM
9,4,1,2,16,106.68,9.15,LOW
40,14,5,9,68,15.86,76.6,HIGH
16,9,2,1,28,60.76,52.2,MEDIUM
6,5,2,0,13,113.32,10.8,LOW
7,7,0,1,15,96.74,10.24,LOW
36,16,3,6,61,11.75,70.36,HIGH
21,4,3,2,30,58.15,39.58,MEDIUM
7,5,1,1,14,150.34,17.72,LOW
6,8,1,1,16,122.12,9.92,LOW
8,5,2,1,16,123.46,21.44,LOW
19,9,3,3,34,48.61,43.72,MEDIUM
5,0,0,1,6,77.99,25.53,LOW
44,12,4,4,64,16.05,60.69,HIGH
21,16,2,4,43,59.3,46.42,MEDIUM
36,22,6,7,71,18.29,61.5,HIGH
23,15,1,2,41,43.62,29.46,MEDIUM
9,5,0,1,15,95.61,15.73,LOW
9,1,1,0,11,96.93,21.29,LOW
31,9,3,1,44,67.72,32.66,MEDIUM
30,16,5,6,57,14.12,58.0,HIGH
8,3,0,1,12,73.8,6.56,LOW
34,16,5,5,60,14.6,77.31,HIGH
32,13,4,9,58,14.72,73.82,HIGH
17,11,2,2,32,75.0,40.02,MEDIUM
9,4,0,0,13,132.08,14.53,LOW
8,3,1,0,12,112.84,18.97,LOW
25,9,3,1,38,31.35,48.54,MEDIUM
11,5,1,0,17,91.15,13.32,LOW
41,16,7,3,67,19.28,63.47,HIGH
40,9,7,6,62,10.86,72.73,HIGH
36,8,4,2,50,25.59,64.23,HIGH
5,2,1,2,10,84.6,15.37,LOW
20,12,1,2,35,57.17,34.41,MEDIUM
29,16,5,6,56,8.86,75.86,HIGH
8,6,0,2,16,107.54,15.11,LOW
20,9,2,3,34,59.9,35.06,MEDIUM
56,14,6,4,80,18.07,71.86,HIGH
13,6,0,1,20,140.16,10.1,LOW
10,2,1,0,13,94.71,6.56,LOW
51,21,6,6,84,23.05,78.66,HIGH
4,3,1,1,9,109.48,15.7,LOW
12,9,5,3,29,49.77,39.9,MEDIUM
30,19,5,7,61,23.61,80.22,HIGH
5,8,2,0,15,89.19,17.83,LOW
18,13,2,1,34,49.37,55.63,MEDIUM
19,4,2,1,26,52.49,42.55,MEDIUM
17,11,4,2,34,41.69,28.0,MEDIUM
0,7,0,1,8,161.85,9.48,LOW
7,5,0,0,12,138.57,19.51,LOW
43,27,6,7,83,16.91,72.73,HIGH
38,18,5,6,67,27.23,71.43,HIGH
31,18,2,11,62,19.72,75.34,HIGH
13,12,2,3,30,53.53,40.12,MEDIUM
26,12,3,2,43,39.84,52.0,MEDIUM
24,16,1,1,42,42.54,46.66,MEDIUM
5,7,0,1,13,111.14,11.09,LOW
5,6,1,1,13,96.24,10.97,LOW
12,3,0,1,16,90.38,18.89,LOW
32,23,8,5,68,8.94,58.0,HIGH
35,18,2,7,62,2.0,68.33,HIGH
43,21,2,7,73,15.63,69.04,HIGH
40,17,9,4,70,19.63,69.24,HIGH
12,0,0,1,13,149.14,14.61,LOW
10,6,0,2,18,96.6,19.85,LOW
19,11,3,3,36,38.17,39.73,MEDIUM
17,9,3,3,32,34.49,37.74,MEDIUM
24,19,7,9,59,21.9,84.47,HIGH
6,2,0,1,9,157.15,16.05,LOW
18,4,2,0,24,109.13,25.62,LOW
6,4,3,0,13,116.34,17.81,LOW
8,0,1,0,9,98.35,5.43,LOW
17,4,2,3,26,56.45,45.43,MEDIUM
34,18,4,9,65,3.77,74.85,HIGH
6,9,0,1,16,105.67,15.09,LOW
6,8,0,1,15,124.83,13.14,LOW
17,11,3,2,33,62.78,53.62,MEDIUM
18,11,2,3,34,44.04,40.54,MEDIUM
6,3,0,3,12,119.55,17.58,LOW
9,6,0,1,16,97.92,15.88,LOW
34,14,2,6,56,12.24,79.9,HIGH
25,10,2,5,42,11.81,65.3,HIGH
24,14,6,6,50,29.64,83.23,HIGH
43,12,8,2,65,27.41,70.65,HIGH
43,11,2,6,62,10.28,76.89,HIGH
28,14,2,3,47,34.48,46.58,MEDIUM
28,14,4,2,48,27.7,65.89,HIGH
13,0,2,1,16,85.46,17.77,LOW
41,22,3,5,71,8.75,72.17,HIGH
10,4,2,0,16,71.86,10.85,LOW
27,16,2,6,51,12.64,96.0,HIGH
8,5,1,0,14,103.57,4.99,LOW
9,5,1,0,15,74.62,12.48,LOW
28,10,3,3,44,34.77,55.62,MEDIUM
9,3,0,0,12,95.27,20.1,LOW
34,16,5,8,63,14.34,72.92,HIGH
40,13,2,8,63,21.32,58.31,HIGH
12,13,2,3,30,39.63,52.24,MEDIUM
40,17,5,5,67,19.15,71.64,HIGH
12,4,2,3,21,25.0,38.0,MEDIUM
10,5,1,1,17,125.87,21.66,LOW
33,13,5,2,53,19.46,77.45,HIGH
36,18,7,4,65,23.64,69.07,HIGH
3,0,1,1,5,95.59,3.0,LOW
15,6,0,1,22,85.63,19.72,LOW
31,9,2,5,47,16.95,73.53,HIGH
20,15,3,2,40,66.84,47.58,MEDIUM
41,17,3,9,70,16.61,64.67,HIGH
12,16,1,2,31,44.85,46.71,MEDIUM
13,4,0,2,19,94.86,25.96,LOW
10,0,0,2,12,111.61,8.53,LOW
24,8,5,6,43,14.01,73.04,HIGH
28,10,2,1,41,47.73,49.37,MEDIUM
29,13,3,3,48,54.73,28.0,MEDIUM
32,25,7,6,70,2.0,70.75,HIGH
42,18,5,6,71,18.8,75.81,HIGH
25,18,8,6,57,17.94,74.08,HIGH
24,15,7,5,51,21.1,77.16,HIGH
12,12,2,1,27,124.87,20.12,LOW
39,12,4,5,60,17.05,74.88,HIGH
42,8,4,6,60,9.57,89.58,HIGH
17,12,4,2,35,45.06,51.23,MEDIUM
24,19,3,6,52,7.25,71.61,HIGH
26,20,5,5,56,19.95,88.72,HIGH
16,4,3,1,24,63.84,53.09,MEDIUM
53,14,7,8,82,17.53,66.42,HIGH
11,3,0,0,14,98.69,3.0,LOW
37,8,4,6,55,27.93,64.03,HIGH
8,9,0,1,18,125.2,16.12,LOW
29,19,7,5,60,21.3,58.0,HIGH
31,26,3,10,70,16.24,61.62,HIGH
36,20,6,4,66,21.2,68.26,HIGH
6,9,0,2,17,141.15,3.0,LOW
5,6,0,1,12,109.62,18.48,LOW
29,24,4,6,63,23.49,85.45,HIGH
9,5,0,1,15,157.05,23.07,LOW
22,12,5,1,40,55.68,34.59,MEDIUM
19,11,3,1,34,47.24,35.19,MEDIUM
28,9,2,6,45,14.5,77.41,HIGH
16,11,4,1,32,56.03,28.0,MEDIUM
33,13,7,4,57,8.74,79.99,HIGH
26,8,3,7,44,19.62,72.01,HIGH
7,8,1,1,17,100.91,14.66,LOW
9,4,1,1,15,89.54,27.55,LOW
2,7,1,3,13,102.31,16.31,LOW
21,4,4,4,33,47.25,41.65,MEDIUM
52,16,3,11,82,6.77,74.18,HIGH
5,1,0,0,6,110.85,10.38,LOW
18,4,3,2,27,75.0,46.56,MEDIUM
34,13,4,8,59,13.65,61.93,HIGH
40,13,3,5,61,7.76,90.38,HIGH
9,0,1,0,10,93.08,18.67,LOW
39,15,7,7,68,2.0,69.23,HIGH
4,4,0,1,9,167.87,3.8,LOW
22,4,3,1,30,57.51,49.08,MEDIUM
26,4,3,2,35,33.02,43.75,MEDIUM
3,10,2,1,16,104.34,9.24,LOW
7,2,0,1,10,104.38,11.1,LOW
31,19,2,8,60,7.64,76.57,HIGH
21,15,3,4,43,55.6,52.77,MEDIUM
18,4,2,3,27,53.86,43.34,MEDIUM
37,13,6,3,59,9.7,65.32,HIGH
33,8,2,6,49,20.3,77.38,HIGH
9,0,1,0,10,69.62,21.99,LOW
18,7,3,3,31,64.31,31.94,MEDIUM
1,7,1,0,9,102.27,10.49,LOW
17,13,2,2,34,50.3,28.0,MEDIUM
9,3,1,2,15,114.78,15.28,LOW
46,16,2,5,69,8.68,78.26,HIGH
16,7,3,1,27,69.31,48.63,MEDIUM
29,13,3,4,49,13.57,80.94,HIGH
21,6,3,1,31,63.21,50.49,MEDIUM
24,14,4,7,49,17.56,63.21,HIGH
27,13,3,2,45,39.33,49.64,MEDIUM
6,8,1,2,17,124.6,12.84,LOW
5,5,0,2,12,173.17,11.81,LOW
34,15,7,3,59,10.66,83.33,HIGH
30,8,7,9,54,12.13,71.71,HIGH
31,19,7,5,62,13.62,78.5,HIGH
17,7,2,2,28,63.4,43.49,MEDIUM
17,15,3,3,38,57.47,32.89,MEDIUM
19,11,3,2,35,35.56,33.66,MEDIUM
0,8,0,0,8,95.11,23.25,LOW
17,4,1,2,24,137.64,22.12,LOW
14,8,0,0,22,94.38,15.16,LOW
24,20,2,5,51,14.2,73.37,HIGH
23,8,3,3,37,55.34,35.39,MEDIUM
5,6,1,0,12,148.69,25.78,LOW
34,11,4,3,52,25.74,61.8,HIGH
11,0,0,1,12,85.44,13.65,LOW
20,11,3,1,35,51.93,58.0,MEDIUM
14,4,2,2,22,134.96,12.41,LOW
14,8,2,1,25,111.89,5.39,LOW
16,10,2,2,30,70.08,52.72,MEDIUM
9,0,2,1,12,116.4,20.9,LOW
11,6,1,0,18,162.21,14.16,LOW
5,7,0,2,14,93.16,16.67,LOW
17,8,3,3,31,52.37,44.49,MEDIUM
7,6,0,0,13,128.06,12.76,LOW
19,7,2,4,32,34.92,48.51,MEDIUM
29,17,7,2,55,18.87,71.51,HIGH
30,16,6,2,54,15.94,75.42,HIGH
34,21,5,5,65,11.79,68.3,HIGH
46,19,5,5,75,16.54,69.39,HIGH
42,17,5,5,69,12.38,75.96,HIGH
10,0,0,0,10,108.14,18.72,LOW
19,10,2,4,35,35.89,45.9,MEDIUM
14,6,4,3,27,56.62,44.72,MEDIUM
39,15,7,5,66,22.69,73.65,HIGH
31,24,3,7,65,18.49,85.35,HIGH
30,15,2,2,49,17.4,79.48,HIGH
31,21,8,6,66,16.58,74.33,HIGH
8,1,0,0,9,94.76,13.88,LOW
25,8,2,1,36,43.7,45.95,MEDIUM
32,21,4,10,67,19.02,62.52,HIGH
30,11,4,4,49,13.08,77.1,HIGH
31,12,7,4,54,10.36,74.68,HIGH
43,8,6,7,64,7.32,60.47,HIGH
15,9,1,3,28,67.15,30.21,MEDIUM
41,15,3,2,61,21.74,77.82,HIGH
27,24,3,6,60,21.54,68.86,HIGH
24,7,2,1,34,55.27,48.23,MEDIUM
27,20,5,5,57,2.67,87.0,HIGH
28,6,2,3,39,35.57,38.83,MEDIUM
5,2,0,0,7,113.07,24.75,LOW
26,17,7,5,55,25.46,85.63,HIGH
18,4,3,3,28,39.11,54.15,MEDIUM
26,6,3,3,38,53.17,52.18,MEDIUM
6,3,0,0,9,82.24,25.51,LOW
37,15,3,6,61,15.58,84.15,HIGH
16,5,0,1,22,76.32,9.17,LOW
37,18,5,4,64,12.4,63.21,HIGH
15,9,2,1,27,53.1,43.7,MEDIUM
29,14,8,7,58,22.04,61.25,HIGH
17,12,3,3,35,73.72,29.49,MEDIUM
29,11,2,5,47,14.41,80.44,HIGH
37,14,2,3,56,20.97,74.18,HIGH
12,3,0,1,16,139.64,19.31,LOW
30,18,5,6,59,16.57,73.66,HIGH
45,18,6,5,74,21.25,76.51,HIGH
12,6,0,1,19,70.73,8.24,LOW
20,13,3,3,39,40.4,28.0,MEDIUM
20,12,3,1,36,60.43,49.1,MEDIUM
25,8,3,6,42,16.72,75.34,HIGH
36,21,3,8,68,15.36,66.01,HIGH
19,4,2,4,29,50.25,43.85,MEDIUM
11,8,0,0,19,88.05,10.04,LOW
30,10,6,6,52,16.75,77.49,HIGH
15,13,3,3,34,38.3,52.43,MEDIUM
21,9,3,2,35,48.03,43.7,MEDIUM
11,0,1,2,14,84.99,10.93,LOW
24,8,1,3,36,55.24,45.23,MEDIUM
29,18,3,2,52,56.41,49.1,MEDIUM
11,0,0,1,12,75.83,13.65,LOW
38,8,4,9,59,10.63,68.57,HIGH
39,13,3,9,64,17.59,79.72,HIGH
27,8,2,2,39,72.85,55.01,MEDIUM
12,4,2,1,19,43.9,40.82,MEDIUM
12,7,3,2,24,50.71,45.57,MEDIUM
15,8,4,3,30,38.38,39.52,MEDIUM
39,16,2,4,61,20.71,75.5,HIGH
36,11,4,4,55,13.59,70.63,HIGH
30,12,5,5,52,20.82,68.48,HIGH
25,9,6,5,45,47.82,41.15,MEDIUM
38,20,5,6,69,4.92,74.45,HIGH
39,14,4,5,62,10.08,73.87,HIGH
13,10,1,1,25,41.13,51.54,MEDIUM
35,21,5,8,69,9.04,75.22,HIGH
13,9,3,4,29,58.47,40.06,MEDIUM
35,8,2,6,51,13.31,75.82,HIGH
20,14,3,1,38,45.06,43.06,MEDIUM
35,11,6,6,58,2.0,81.04,HIGH
9,4,0,0,13,95.58,19.53,LOW
8,12,1,0,21,128.83,17.29,LOW
32,15,5,6,58,24.99,58.0,HIGH
7,8,1,1,17,124.24,17.69,LOW
22,11,2,2,37,48.67,34.83,MEDIUM
10,8,1,1,20,102.12,19.55,LOW
20,18,1,4,43,47.93,48.18,MEDIUM
10,3,0,3,16,153.19,17.62,LOW
18,8,3,3,32,35.85,43.38,MEDIUM
27,18,2,4,51,13.69,89.07,HIGH
42,13,6,6,67,15.13,72.1,HIGH
35,10,6,10,61,15.88,78.55,HIGH
31,8,6,7,52,3.89,86.0,HIGH
42,20,5,8,75,9.85,77.14,HIGH
8,10,1,0,19,130.74,3.0,LOW
22,7,5,4,38,52.55,50.22,MEDIUM
10,8,1,0,19,119.99,11.09,LOW
43,17,7,6,73,7.9,62.0,HIGH
23,5,2,2,32,45.35,38.69,MEDIUM
39,24,5,6,74,5.37,58.0,HIGH
23,6,3,2,34,53.04,48.56,MEDIUM
25,18,3,2,48,31.41,44.06,MEDIUM
38,8,3,5,54,17.79,84.74,HIGH
14,3,1,2,20,100.52,13.78,LOW
23,4,4,3,34,45.57,43.15,MEDIUM
28,17,2,5,52,23.21,81.17,HIGH
21,9,3,2,35,47.24,34.61,MEDIUM
33,22,5,8,68,14.49,82.44,HIGH
35,12,2,4,53,6.26,89.34,HIGH
7,2,1,0,10,110.7,14.95,LOW
5,5,0,1,11,94.98,13.25,LOW
39,11,5,2,57,26.09,69.39,HIGH
26,5,2,2,35,33.25,46.73,MEDIUM
28,8,3,6,45,6.56,74.14,HIGH
14,13,2,3,32,50.88,40.8,MEDIUM
35,13,2,2,52,17.59,68.95,HIGH
25,10,3,3,41,39.66,42.24,MEDIUM
24,16,4,2,46,18.83,80.44,HIGH
34,16,2,4,56,25.46,81.98,HIGH
11,2,1,0,14,121.97,17.0,LOW
34,17,5,7,63,22.46,64.54,HIGH
36,21,3,10,70,12.32,74.29,HIGH
13,11,3,2,29,51.69,54.71,MEDIUM
19,13,2,1,35,71.0,53.05,MEDIUM
13,4,2,4,23,31.77,28.0,MEDIUM
14,1,3,0,18,106.21,18.53,LOW
8,1,1,1,11,87.9,15.92,LOW
40,11,6,8,65,22.03,76.26,HIGH
40,27,9,4,80,27.37,77.45,HIGH
8,3,1,1,13,111.22,15.24,LOW
6,4,1,0,11,141.39,9.63,LOW
12,2,1,1,16,130.55,26.38,LOW
30,19,7,7,63,27.33,77.74,HIGH
10,3,3,0,16,128.55,16.8,LOW
24,15,2,2,43,30.33,38.86,MEDIUM
37,20,3,2,62,19.66,63.02,HIGH
17,9,3,2,31,41.89,42.27,MEDIUM
9,10,0,0,19,109.51,13.18,LOW
13,4,3,3,23,56.59,39.96,MEDIUM
41,13,6,11,71,15.27,77.54,HIGH
17,6,3,2,28,62.72,46.94,MEDIUM
21,18,1,2,42,57.69,42.98,MEDIUM
14,18,4,3,39,50.86,40.3,MEDIUM
6,4,0,0,10,84.9,10.39,LOW
13,7,3,0,23,131.81,16.1,LOW
26,9,3,2,40,29.55,34.6,MEDIUM
12,6,2,3,23,25.0,40.7,MEDIUM
5,10,1,0,16,125.81,20.84,LOW
24,13,4,4,45,24.7,85.05,HIGH
17,7,3,2,29,48.33,47.92,MEDIUM
44,16,2,8,70,21.12,78.85,HIGH
39,11,5,3,58,19.16,70.8,HIGH
4,5,1,2,12,133.76,11.54,LOW
26,17,3,3,49,6.62,77.89,HIGH
4,3,1,1,9,96.76,18.08,LOW
3,7,1,0,11,77.99,20.23,LOW
4,4,1,1,10,79.99,12.99,LOW
22,16,2,4,44,61.19,40.11,MEDIUM
14,5,3,1,23,58.0,45.7,MEDIUM
10,1,2,0,13,117.57,10.47,LOW
31,20,5,4,60,15.96,81.06,HIGH
11,4,1,1,17,93.3,20.95,LOW
35,10,3,6,54,23.73,71.69,HIGH
11,7,2,1,21,127.05,13.14,LOW
25,19,7,11,62,7.6,80.29,HIGH
26,4,1,3,34,71.61,51.91,MEDIUM
41,16,5,4,66,11.87,69.87,HIGH
32,21,2,8,63,17.08,70.97,HIGH
30,16,4,2,52,9.42,68.95,HIGH
8,10,0,1,19,91.44,7.08,LOW
38,8,3,3,52,14.21,69.16,HIGH
10,7,1,2,20,81.46,13.84,LOW
36,14,6,7,63,18.15,66.58,HIGH
19,11,2,2,34,47.53,36.03,MEDIUM
26,16,3,2,47,73.84,37.75,MEDIUM
46,19,5,6,76,9.01,88.61,HIGH
29,9,3,5,46,8.55,73.91,HIGH
32,11,6,9,58,6.89,58.0,HIGH
7,12,1,0,20,99.34,21.89,LOW
5,3,0,2,10,78.9,10.84,LOW
5,10,0,0,15,113.2,10.91,LOW
24,4,4,3,35,66.8,31.26,MEDIUM
41,19,2,10,72,18.07,67.01,HIGH
13,13,3,1,30,59.83,54.3,MEDIUM
40,8,5,7,60,29.0,69.66,HIGH
16,9,4,3,32,43.63,45.87,MEDIUM
31,17,2,5,55,23.68,58.0,HIGH
30,12,7,6,55,5.19,69.15,HIGH
1,9,0,0,10,84.7,5.07,LOW
12,6,2,2,22,73.67,30.91,MEDIUM
24,12,3,3,42,50.08,36.72,MEDIUM
14,7,0,1,22,98.41,12.21,LOW
28,18,8,5,59,18.29,82.57,HIGH
25,8,5,8,46,5.0,83.73,HIGH
17,10,3,3,33,49.07,32.44,MEDIUM
7,2,0,1,10,91.09,6.47,LOW
5,0,0,3,8,89.91,24.83,LOW
2,2,1,1,6,122.88,28.0,LOW
33,19,5,7,64,20.92,93.39,HIGH
22,14,1,2,39,46.54,35.73,MEDIUM
15,11,2,2,30,38.05,47.21,MEDIUM
29,10,4,4,47,41.09,38.12,MEDIUM
22,10,2,3,37,71.65,40.47,MEDIUM
10,4,1,0,15,112.16,14.07,LOW
25,18,3,2,48,49.69,28.0,MEDIUM
28,24,6,6,64,25.46,60.39,HIGH
25,7,2,3,37,60.34,43.11,MEDIUM
24,14,3,3,44,42.59,39.47,MEDIUM
32,11,5,4,52,26.37,71.45,HIGH
5,6,2,1,14,117.72,25.21,LOW
8,0,0,1,9,146.95,11.89,LOW
10,5,0,0,15,107.79,12.78,LOW
15,7,5,3,30,59.39,35.67,MEDIUM
22,16,2,3,43,36.9,38.9,MEDIUM
16,1,1,2,20,108.01,17.71,LOW
15,6,0,1,22,144.98,20.55,LOW
38,8,4,4,54,21.8,83.64,HIGH
29,20,6,7,62,15.14,79.42,HIGH
24,10,1,2,37,53.62,43.4,MEDIUM
36,11,3,8,58,21.79,75.42,HIGH
12,13,2,1,28,44.6,52.06,MEDIUM
24,22,6,2,54,5.65,89.05,HIGH
12,8,3,3,26,43.88,42.28,MEDIUM
33,16,5,10,64,2.0,80.15,HIGH
13,7,0,0,20,104.77,9.9,LOW
22,15,5,2,44,55.9,46.56,MEDIUM
28,13,4,3,48,10.28,63.8,HIGH
27,17,1,1,46,46.64,34.28,MEDIUM
33,8,4,3,48,11.75,72.76,HIGH
7,7,2,0,16,124.94,19.21,LOW
41,18,4,5,68,19.57,85.45,HIGH
24,13,7,2,46,2.0,79.14,HIGH
17,13,1,3,34,64.62,37.89,MEDIUM
41,16,7,5,69,8.31,86.78,HIGH
21,8,2,2,33,31.83,44.57,MEDIUM
5,4,1,2,12,131.44,14.04,LOW
21,5,2,2,30,42.71,37.69,MEDIUM
14,4,1,1,20,41.49,57.63,MEDIUM
38,19,3,4,64,11.98,78.83,HIGH
29,18,4,2,53,18.94,68.8,HIGH
5,0,0,0,5,147.84,18.78,LOW
4,3,1,0,8,71.23,15.41,LOW
1,2,1,2,6,79.14,11.45,LOW
19,8,3,2,32,36.43,46.98,MEDIUM
10,8,1,1,20,107.76,23.64,LOW
8,8,0,2,18,142.93,14.29,LOW
33,16,7,5,61,11.98,71.47,HIGH
3,0,2,0,5,85.22,3.0,LOW
18,17,3,3,41,57.99,45.37,MEDIUM
41,10,6,7,64,2.62,74.84,HIGH
13,12,2,4,31,73.91,35.87,MEDIUM
20,4,2,1,27,64.47,48.22,MEDIUM
21,10,3,2,36,54.69,41.17,MEDIUM
35,14,7,2,58,15.88,73.05,HIGH
11,6,0,2,19,80.16,20.51,LOW
21,4,5,4,34,45.23,33.18,MEDIUM
8,0,1,1,10,123.99,21.48,LOW
22,5,4,4,35,75.0,33.01,MEDIUM
31,18,6,7,62,28.65,78.56,HIGH
12,3,0,0,15,98.89,17.26,LOW
12,13,1,3,29,50.17,34.37,MEDIUM
5,6,0,0,11,69.31,15.29,LOW
21,9,4,4,38,44.41,40.79,MEDIUM
4,0,0,1,5,133.83,18.08,LOW
4,1,0,1,6,82.42,3.0,LOW
22,4,2,3,31,52.21,58.0,MEDIUM
8,6,0,0,14,114.9,9.13,LOW
23,6,5,3,37,65.3,40.79,MEDIUM
11,2,2,0,15,124.67,28.0,LOW
36,10,3,4,53,16.77,68.36,HIGH
4,7,2,0,13,80.42,3.0,LOW
11,5,0,0,16,101.61,25.01,LOW
8,0,1,0,9,156.83,21.48,LOW
36,8,4,6,54,21.56,82.76,HIGH
23,5,2,2,32,57.19,47.35,MEDIUM
9,1,3,1,14,112.73,19.35,LOW
